--liquibase formatted sql
--changeset kent04:insert_data splitStatements:true endDelimiter:; runOnChange:true

INSERT INTO passwords (id, password) VALUES
            (1, 'password'),
            (2, 'password1'),
            (3, 'password2'),
            (4, '1');

INSERT INTO credentials (id, password_id, phone_number) VALUES
            (1, 1, '+7 952 235 53 62'),
            (2, 2, '+7 920 513 12 94'),
            (3, 3, '+7 999 777 51 12'),
            (4, 4, '1');

INSERT INTO users (id, name, surname, email, credentials_id) VALUES
            (1, 'Biba', 'Max', 'sobaka@mail.ru', 1),
            (2, 'Boba', 'Grisha', 'sile1@gmail.com', 2),
            (3, 'Bibi', 'Roma', 'dksdg2@gmail.com', 3),
            (4, '1', '1', '1', 4);

INSERT INTO coordinates (id, lat, lon) VALUES
            (1, '30.124125', '41.2154125'),
            (2, '60.1515125', '71.9456635'),
            (3, '51.681667', '39.211944'),
            (4, '51.669722', '39.210278'),
            (5, '51.666111', '39.200000'),
            (6, '51.660556', '39.200833'),
            (7, '51.658889', '39.208611'),
            (8, '51.658056', '39.194722'),
            (9, '51.642500', '39.169444'),
            (10, '51.683611', '39.165833'),
            (11, '51.6720', '39.2001'),
            (12, '51.6678', '39.2075'),
            (13, '51.6602', '39.2043'),
            (14, '51.6712', '39.2105'),
            (15, '51.6273', '39.2298'),
            (16, '51.6415', '39.2320'),
            (17, '51.6332', '39.2247'),
            (18, '51.6468', '39.2391'),
            (19, '51.6220', '39.2415'),
            (20, '51.6660', '39.2138'),
            (21, '51.6584', '39.2172'),
            (22, '51.6280', '39.1350'),
            (23, '51.6382', '39.2463'),
            (24, '51.6651', '39.2090'),
            (25, '51.6523', '39.2214'),
            (26, '51.6645', '39.2067'),
            (27, '51.6689', '39.1985'),
            (28, '51.6598', '39.2189'),
            (29, '51.6627', '39.2014'),
            (30, '51.6732', '39.1968');

INSERT INTO spots (id, description, address, price, rate, created_at, owner_id, coordinates_id) VALUES
            (1, 'Норм парковка', 'пл. Ленина д.142', 150.00, 4.00000, '2025-06-20 11:30:00', 1, 1),
            (2, 'Парковка в самом центре, проезд всегда без проблем', 'ул. Московский проспект д.62', 250.00, 4.90000, '2025-03-11 19:19:00', 1, 2),
            (3, 'Крытая парковка ТЦ Галерея Чижова', 'Московский проспект, 129/1', 200.00, 4.80000, '2024-12-10 14:20:00', 2, 3),
            (4, 'Подземная парковка у цирка', 'ул. 20-летия Октября, 121', 180.00, 4.50000, '2024-11-25 09:15:00', 2, 4),
            (5, 'Парковка бизнес-центра на Никитинской', 'ул. Никитинская, 8А', 250.00, 4.90000, '2024-10-05 16:45:00', 3, 5),
            (6, 'Охраняемая парковка у Кольцовского сквера', 'пл. Ленина, 11', 170.00, 4.70000, '2024-09-18 12:30:00', 3, 6),
            (7, 'Ночная парковка у реки Воронеж', 'Адмиралтейская пл., 1', 120.00, 4.30000, '2024-08-30 20:10:00', 3, 7),
            (8, 'Парковка у ВГУ с видеонаблюдением', 'Университетская пл., 1', 160.00, 4.60000, '2024-07-22 08:00:00', 4, 8),
            (9, 'Парковка ТРЦ Максимир', 'ул. Хользунова, 35', 140.00, 4.40000, '2024-06-15 13:25:00', 4, 9),
            (10, 'Парковка у Северного рынка', 'Ленинский проспект, 174', 100.00, 4.20000, '2024-05-08 10:50:00', 4, 10),
            (11, 'Ул. Плехановская 12', 'ул. Плехановская, д.12', 120.00, 4.20000, '2025-03-15 14:20:00', 2, 11),
            (12, 'ТРК Арена', 'ул. Кольцовская, д.35', 200.00, 4.50000, '2025-07-10 09:45:00', 3, 12),
            (13, 'Парковка у театра', 'пр. Революции, д.55', 100.00, 3.80000, '2025-04-22 16:30:00', 1, 13),
            (14, 'Ж/д вокзал', 'пл. Черняховского, д.1', 180.00, 4.00000, '2025-08-05 12:15:00', 4, 14),
            (15, 'ТЦ Галерея Чижова', 'Московский пр-т, д.129/1', 250.00, 4.70000, '2025-05-30 10:00:00', 2, 15),
            (16, 'Ул. 20-летия Октября', 'ул. 20-летия Октября, д.88', 90.00, 3.50000, '2025-11-12 13:45:00', 1, 16),
            (17, 'БЦ на Лизюкова', 'ул. Генерала Лизюкова, д.66', 170.00, 4.30000, '2026-01-18 08:30:00', 3, 17),
            (18, 'Парковка у цирка', 'ул. 20-летия ВЛКСМ, д.54', 110.00, 3.90000, '2026-02-25 15:20:00', 2, 18),
            (19, 'ТЦ Московский', 'Московский пр-т, д.201', 220.00, 4.60000, '2025-09-14 11:10:00', 4, 19),
            (20, 'Университетская площадь', 'Университетская пл., д.1', 130.00, 4.10000, '2025-12-03 14:50:00', 1, 20),
            (21, 'Парковка на Ленинском', 'Ленинский пр-т, д.77', 95.00, 3.70000, '2026-03-08 17:25:00', 3, 21),
            (22, 'ТРК Сити-Парк', 'ул. Парковая, д.3', 300.00, 4.80000, '2025-10-29 10:45:00', 2, 22),
            (23, 'Ул. Домостроителей', 'ул. Домостроителей, д.24', 85.00, 3.60000, '2026-04-17 12:30:00', 1, 23),
            (24, 'БЦ на Кольцовской', 'ул. Кольцовская, д.68', 190.00, 4.40000, '2025-06-25 09:15:00', 4, 24),
            (25, 'Парковка у стадиона', 'ул. Карла Маркса, д.67', 140.00, 4.00000, '2026-05-22 16:40:00', 2, 25),
            (26, 'ТЦ Европа', 'Ленинский пр-т, д.25', 210.00, 4.50000, '2025-08-30 13:20:00', 3, 26),
            (27, 'Ул. Матросова', 'ул. Матросова, д.15', 105.00, 3.80000, '2025-02-14 18:10:00', 1, 27),
            (28, 'Парковка у реки', 'наб. Адмиралатейская, д.12', 160.00, 4.20000, '2026-06-10 11:55:00', 4, 28),
            (29, 'БЦ на Мира', 'ул. Мира, д.43', 175.00, 4.30000, '2025-07-28 08:45:00', 2, 29),
            (30, 'ТЦ на Плехановской', 'ул. Плехановская, д.6', 145.00, 4.10000, '2026-07-19 14:15:00', 3, 30);

INSERT INTO bookings (id, rented_spot_id, renter_id, total_price, start_at, end_at, created_at) VALUES
            (1, 5, 4, 680.00, '2027-01-16 10:00:00', '2027-01-16 14:00:00', '2025-01-15 09:30:00'),
            (2, 8, 4, 850.00, '2026-01-15 18:00:00', '2026-01-15 23:00:00', '2025-01-12 14:00:00'),
            (3, 9, 4, 8400.00, '2026-02-20 10:00:00', '2026-02-22 18:00:00', '2025-01-10 09:15:00'),
            (4, 10, 4, 2200.00, '2026-01-14 22:00:00', '2026-01-19 08:00:00', '2025-01-14 20:30:00'),
            (5, 6, 4, 3300.00, '2026-01-15 01:30:00', '2026-01-20 01:30:00', '2025-01-16 08:45:00'),
            (6, 7, 4, 9625.00, '2026-01-10 07:00:00', '2026-01-24 12:00:00', '2025-01-18 17:20:00'),
            (7, 7, 4, 8260.00, '2025-12-10 07:00:00', '2025-12-24 12:00:00', '2025-01-18 17:20:00'),
            (8, 9, 4, 1100.00, '2025-07-09 07:00:00', '2025-07-10 12:00:00', '2025-01-18 17:20:00'),
            (9, 1, 1, 600.00, '2025-06-21 08:00:00', '2025-06-21 18:00:00', '2025-06-20 12:00:00'),
            (10, 2, 1, 1250.00, '2025-03-12 08:00:00', '2025-03-12 20:00:00', '2025-03-11 15:00:00');

INSERT INTO reviews (id, message, rate, created_at, author_id, spot_id) VALUES
            (1, 'Отличная парковка, всегда есть места!', 4.5000000000, '2025-01-20 14:30:00', 1, 1),
            (2, 'Удобное расположение, хорошее освещение', 4.7000000000, '2025-01-21 16:45:00', 2, 2),
            (3, 'Дороговато, но качество на высоте', 4.3000000000, '2025-01-22 11:20:00', 3, 3),
            (4, 'Хорошая охраняемая парковка', 4.6000000000, '2025-01-23 09:15:00', 4, 4),
            (5, 'Удобный подъезд, всегда чисто', 4.8000000000, '2025-01-24 13:40:00', 1, 5),
            (6, 'Отличное место в центре города', 4.4000000000, '2025-01-25 17:25:00', 2, 6),
            (7, 'Ночью плохо освещается', 3.9000000000, '2025-01-26 10:10:00', 3, 7),
            (8, 'Отличный сервис, рекомендую!', 4.9000000000, '2025-01-27 15:30:00', 4, 8),
            (9, 'Удобно для поездок в университет', 4.2000000000, '2025-01-28 12:15:00', 1, 9),
            (10, 'Мало мест в час пик', 3.8000000000, '2025-01-29 18:20:00', 2, 10),
            (11, 'Хорошее соотношение цена/качество', 4.5000000000, '2025-01-30 14:05:00', 3, 11),
            (12, 'Удобная парковка рядом с ТРК', 4.6000000000, '2025-01-31 11:40:00', 4, 12),
            (13, 'Мало бесплатных мест', 3.5000000000, '2025-02-01 16:25:00', 1, 13),
            (14, 'Отличное место для длительной парковки', 4.7000000000, '2025-02-02 13:10:00', 2, 14),
            (15, 'Удобный выезд на главную дорогу', 4.3000000000, '2025-02-03 10:55:00', 3, 15);

INSERT INTO chats (id, consumer_id, owner_id) VALUES
            (1, 3, 4),
            (2, 4, 1),
            (3, 4, 2);

INSERT INTO messages (id, message, sent_at, read_at, chat_id, author_id, image_id, reply_to_message_id) VALUES
            (1, 'Привет! Интересует парковка на завтра', '2025-02-15 09:30:00', '2025-02-15 09:35:00', 1, 3, NULL, NULL),
            (2, 'Здравствуйте! На какое время?', '2025-02-15 09:40:00', '2025-02-15 09:41:00', 1, 4, NULL, 1),
            (3, 'С 10 утра до 6 вечера', '2025-02-15 09:45:00', '2025-02-15 09:46:00', 1, 3, NULL, 2),
            (4, 'Отлично, свободно!', '2025-02-15 09:50:00', '2025-02-15 09:51:00', 1, 4, NULL, 3),
            (5, 'Здравствуйте, можно оставить машину на выходные?', '2025-02-16 14:20:00', '2025-02-16 14:25:00', 2, 4, NULL, NULL),
            (6, 'Да, конечно! Сколько дней нужно?', '2025-02-16 14:30:00', '2025-02-16 14:31:00', 2, 1, NULL, 5),
            (7, 'С пятницы по воскресенье', '2025-02-16 14:35:00', '2025-02-16 14:36:00', 2, 4, NULL, 6),
            (8, 'Есть ли охраняемая парковка рядом с центром?', '2025-02-17 11:15:00', '2025-02-17 11:20:00', 3, 4, NULL, NULL),
            (9, 'Да, у меня есть несколько вариантов', '2025-02-17 11:25:00', '2025-02-17 11:26:00', 3, 2, NULL, 8),
            (10, 'Расскажите подробнее', '2025-02-17 11:30:00', '2025-02-17 11:31:00', 3, 4, NULL, 9);